temperature,humidity,timestamp,current,pred_rf_alt,pred_rf_azi,pred_lstm_alt,pred_lstm_azi
24.6,89.458,1763571600,0.0,17.185791185365538,193.75856861431924,,
25.1,89.495255,1763575200,0.0,16.627848890774338,112.71423011441914,,
25.0,89.21769,1763578800,0.0,15.877979766043996,110.40471142355631,,
24.75,89.198616,1763582400,0.0,15.575347254851831,109.4519838516456,,
23.6,92.15012,1763586000,0.0,15.535909199543473,108.44233246539733,,
22.95,94.67924,1763589600,0.0,15.591933709516033,108.48155319013273,,
23.1,94.39721,1763593200,0.0234819363656741,15.646484248322224,108.48582872600792,,
25.7,90.62233,1763596800,0.3995524587477567,16.392479205443983,108.93280314607051,,
26.75,85.941574,1763600400,1.321678267510867,21.816110681874626,109.20464981002596,,
27.75,79.84001,1763604000,1.7602540249309084,23.530004537689685,111.31627235237323,,
26.65,80.663025,1763607600,1.852505234321606,24.659494487808352,117.5751090498913,,
28.85,75.341606,1763611200,1.9365820399999312,24.464361855582435,140.05935553885774,,
25.45,90.06203,1763614800,1.2648357960705774,20.383611253224405,198.57512280766585,,
25.75,87.67667,1763618400,0.9323467430129296,18.33772011582435,235.2637118669396,,
26.05,85.61492,1763622000,0.8414613037488968,17.404526554511826,246.15560745902152,,
26.4,85.392334,1763625600,0.9983351960832556,19.09753410074628,250.37915028116623,,
25.1,90.58225,1763629200,0.6343784611839316,18.311622429746883,251.42226430492298,,
24.8,92.217674,1763632800,0.1115018039801255,16.915433556431907,250.9510073740941,,
24.15,96.456085,1763636400,0.0206400000512599,17.930348860408248,250.82248805850747,,
24.1,97.91836,1763640000,0.0,18.19349834038467,250.82204550881335,,
24.0,97.91679,1763643600,0.0,17.81850585140894,250.85170159377404,-0.33462411165237427,117.1900634765625
24.0,95.58263,1763647200,0.0,17.716516807384274,250.7034800646207,-0.33420318365097046,124.08831787109375
23.65,95.28226,1763650800,0.0,17.847926841062435,250.07617941194084,-0.33534514904022217,129.18109130859375
23.4,94.69678,1763654400,0.0,17.662422959121052,247.97516025350825,-0.33411848545074463,130.85519409179688
23.6,91.59072,1763658000,0.0,17.185791185365538,188.56493211376562,-0.33347630500793457,135.75616455078125
23.7,91.31841,1763661600,0.0,16.627848890774338,112.00327950587825,-0.33599430322647095,168.43585205078125
23.95,88.59532,1763665200,0.0,15.877979766043996,110.58033662993813,-0.33677035570144653,251.08377075195312
23.8,88.3131,1763668800,0.0,15.575347254851831,109.61472121905047,-0.33909162878990173,258.3221435546875
23.4,91.02148,1763672400,0.0,15.535909199543473,108.52034405338532,-0.33884701132774353,261.02996826171875
22.9,94.677315,1763676000,0.0,15.591933709516033,108.59087300409237,-0.33627253770828247,263.5052490234375
22.95,94.96821,1763679600,0.0481246884737788,15.646484248322224,108.58515863227319,-0.33233150839805603,266.201904296875
24.6,93.326385,1763683200,0.4878512063486341,17.532888697030625,108.46985769568607,-0.33222395181655884,268.07568359375
26.1,86.65782,1763686800,0.8288412775357805,18.757539609095215,108.6142120523632,-0.3390103578567505,269.4143981933594
28.45,75.05179,1763690400,2.3130382479874796,26.193874780825894,112.51600919111314,-0.3454922139644623,270.539306640625
30.2,68.24803,1763694000,3.1797168956795008,26.946456577779763,121.44500373236156,-0.35265129804611206,271.22308349609375
31.3,63.513603,1763697600,3.6051112045176463,27.23050454165297,144.73643645454558,-0.3561286926269531,271.7539978027344
31.85,60.091476,1763701200,3.701644441321963,27.17557256450781,200.3186702078515,-0.358288049697876,271.4101257324219
30.4,62.17746,1763704800,3.4664543288934446,26.8962134037959,234.10960188208185,-0.359857439994812,270.5933837890625
29.0,75.365364,1763708400,1.4866415011832812,21.729588210968352,245.686365619482,-0.35889267921447754,266.49365234375
30.35,67.86748,1763712000,2.4784474966385233,26.83758905572331,249.28589535470186,-0.3546399176120758,91.79574584960938
29.2,66.62261,1763715600,1.715418776785008,23.09927971645882,251.20486655757514,-0.35575440526008606,93.63796997070312
26.9,78.528496,1763719200,0.4615125181526444,18.050016948612477,251.27413771672434,-0.3501000702381134,96.49203491210938
26.2,80.11665,1763722800,0.1092200004100799,17.930348860408248,249.82903112537633,-0.33957773447036743,101.09539794921875
26.35,78.68931,1763726400,0.0,18.19349834038467,249.85572560097566,-0.3327372968196869,109.20736694335938
25.85,78.378944,1763730000,0.0,17.81850585140894,249.45676947526232,-0.32604914903640747,117.32244873046875
25.3,79.02322,1763733600,0.0,17.716516807384274,249.81503943997893,-0.3170439600944519,124.21112060546875
24.9,81.17728,1763737200,0.0,17.847926841062435,245.19222967216984,-0.30811452865600586,129.1522216796875
24.5,84.68061,1763740800,0.0,17.662422959121052,242.40602543885683,-0.30216893553733826,130.91265869140625
24.25,86.74916,1763744400,0.0,17.185791185365538,178.6166749270301,-0.2990947365760803,135.54638671875
24.3,84.65943,1763748000,0.0,16.627848890774338,113.74646118972487,-0.29736778140068054,166.91162109375
23.95,86.45647,1763751600,0.0,15.877979766043996,110.83756686488783,-0.29487892985343933,250.24520874023438
24.1,86.47066,1763755200,0.0,15.575347254851831,109.90103896718699,-0.2917432487010956,257.7266845703125
23.7,89.11792,1763758800,0.0,15.535909199543473,109.02942535760616,-0.29260319471359253,260.53521728515625
23.25,92.41174,1763762400,0.0,15.591933709516033,108.69566923178053,-0.298339307308197,263.0990295410156
23.65,89.38666,1763766000,0.051660074412403,15.646484248322224,109.13426682610225,-0.3129497766494751,265.588623046875
25.0,87.6118,1763769600,0.6571608820506596,18.708665496736238,109.19633509688612,-0.3286231756210327,267.5545654296875
27.25,80.49763,1763773200,1.4989791658813063,22.40772884017506,109.60743735485136,-0.3401705026626587,268.7377014160156
28.85,71.79758,1763776800,2.184071869034824,25.905348302589555,112.8904303915512,-0.34971821308135986,269.7953186035156
29.9,66.15968,1763780400,3.1287257435806435,26.946456577779763,121.70940322476281,-0.3542749881744385,270.45794677734375
31.0,61.745136,1763784000,3.9303891642264426,27.23050454165297,144.89348955732692,-0.3557126820087433,271.0623779296875
31.55,60.754753,1763787600,4.087419248186834,27.192960230003344,199.88826527387744,-0.35671716928482056,270.9325256347656
28.2,77.30582,1763791200,3.482202957963954,26.8962134037959,233.5206021200326,-0.3561200797557831,270.3368835449219
26.7,83.14133,1763794800,1.8796264924782031,24.905395619333007,245.58230770858358,-0.3488287329673767,266.5836486816406
25.45,88.98329,1763798400,0.6785675875824861,17.480679726098124,249.8563728312028,-0.34437793493270874,91.898681640625
26.9,80.209366,1763802000,1.4574169439696691,22.725569411934266,251.03439046655208,-0.34033021330833435,93.87442016601562
27.0,78.305176,1763805600,0.8094606811560068,19.442673236129316,251.0196168231153,-0.3462715148925781,96.9171142578125
26.5,82.12063,1763809200,0.0971800006151199,17.930348860408248,249.78805926017662,-0.3460202217102051,101.91741943359375
25.05,90.306015,1763812800,0.0,18.19349834038467,250.45405584565492,-0.3433109521865845,110.09097290039062
24.8,92.496155,1763816400,0.0,17.81850585140894,250.47584766132653,-0.3371185064315796,118.04840087890625
24.8,92.77536,1763820000,0.0,17.716516807384274,250.16166848551504,-0.3359629511833191,124.72650146484375
24.45,95.88533,1763823600,0.0,17.847926841062435,249.493509424852,-0.3365098237991333,129.53472900390625
24.0,96.74356,1763827200,0.0,17.662422959121052,247.5789402621759,-0.33468374609947205,131.1343994140625
23.65,96.73515,1763830800,0.0,17.185791185365538,189.50438972636408,-0.333340048789978,135.37835693359375
24.55,88.37479,1763834400,0.0,16.627848890774338,115.05926931818442,-0.33256763219833374,164.2357177734375
24.6,86.781555,1763838000,0.0,15.877979766043996,111.90276822732972,-0.3396630585193634,249.62635803222656
24.4,89.715,1763841600,0.0,15.575347254851831,110.34412162917897,-0.34057343006134033,257.4878845214844
24.3,91.355705,1763845200,0.0,15.535909199543473,109.4260871102801,-0.3392915725708008,260.3175048828125
24.4,90.26105,1763848800,0.0,15.591933709516033,109.34512448590459,-0.3392100930213928,262.8684997558594
24.35,90.257545,1763852400,0.0492654647234763,15.646484248322224,109.34512448590459,-0.34082356095314026,265.3985595703125
25.7,86.62068,1763856000,0.4796364023529997,17.403296993600456,109.87689702916578,-0.3410336673259735,267.5015869140625
27.05,78.31234,1763859600,1.0064574352400228,19.967732189966664,110.07652928687997,-0.34623265266418457,268.68115234375
27.8,74.947426,1763863200,1.5977250282157551,22.000808687553047,113.08808829893002,-0.35093623399734497,269.6522521972656
28.0,73.85385,1763866800,1.4390084948994122,21.409924498478944,119.2615495451264,-0.3528735041618347,270.3201904296875
27.35,76.01953,1763870400,1.3053739887706248,20.736225572083367,141.0454947657621,-0.3534131944179535,270.9986877441406
28.3,73.015335,1763874000,1.1923448877540177,20.101741146484994,197.50276312703076,-0.3519696891307831,271.0549011230469
28.0,73.85385,1763877600,1.6612655721695826,21.402662222215703,232.21020447295857,-0.3539734482765198,270.5477294921875
29.15,69.92478,1763881200,1.879982902725856,24.905395619333007,244.60535154721313,-0.35331714153289795,91.1805419921875
29.35,65.2487,1763884800,1.3155876158376307,21.9568036824619,249.13314497113225,-0.35542288422584534,92.11392211914062
26.95,78.06113,1763888400,1.0911155971200217,21.616911554236484,250.5231512563048,-0.35584697127342224,94.09149169921875
26.6,79.44424,1763892000,0.5578529019230092,18.68368357226849,250.64107209542883,-0.3491675853729248,97.1358642578125
25.9,81.0571,1763895600,0.09803999979496,17.930348860408248,248.69288659047632,-0.3472481071949005,102.44369506835938
26.15,83.582146,1763899200,0.0,18.19349834038467,248.45407946566456,-0.3442021608352661,110.44000244140625
25.7,82.52363,1763902800,0.0,17.81850585140894,247.979332040953,-0.34295472502708435,118.3096923828125
25.45,81.24702,1763906400,0.0,17.716516807384274,248.0884727803142,-0.34070804715156555,124.99374389648438
25.35,78.78854,1763910000,0.0,17.847926841062435,247.94741141753315,-0.33954668045043945,129.85516357421875
25.0,80.44778,1763913600,0.0,17.662422959121052,241.92465297040349,-0.33889758586883545,131.57293701171875
24.95,79.94958,1763917200,0.0,17.185791185365538,182.15526699541343,-0.3363887369632721,136.26425170898438
24.4,87.293365,1763920800,0.0,16.627848890774338,115.1981176457466,-0.335009902715683,161.188720703125
24.2,87.00967,1763924400,0.0,15.877979766043996,112.26230469709901,-0.3313351571559906,246.28662109375
24.25,84.91354,1763928000,0.0,15.575347254851831,111.08282656031656,-0.3313062787055969,256.5966796875
24.1,84.89786,1763931600,0.0,15.535909199543473,109.72591145820599,-0.33330345153808594,259.6768493652344
23.95,84.62226,1763935200,0.0,15.591933709516033,109.50658735519005,-0.335390567779541,262.3213195800781
23.85,84.87168,1763938800,0.0267765741819511,15.646484248322224,109.50141147348376,-0.3375583589076996,264.7225036621094
24.95,82.43429,1763942400,0.2160533687902091,15.317413520844493,109.58150130303682,-0.3389856815338135,266.97125244140625
26.25,72.21626,1763946000,0.8396672453285373,18.757539609095215,110.36889227502672,-0.3440020978450775,268.1402893066406
28.55,61.959465,1763949600,2.364309095842244,26.361142354368685,113.32951828664955,-0.35007989406585693,268.9173278808594
29.95,56.79377,1763953200,3.036447723701081,26.763112895372778,122.26482351663026,-0.35495755076408386,269.4972229003906
31.25,51.436085,1763956800,4.089851844425153,27.2478922071485,144.92995216615748,-0.35647493600845337,269.9244079589844
31.25,55.213108,1763960400,4.1723592192480154,27.192960230003344,198.13289816938462,-0.3572673201560974,270.24493408203125
30.9,55.809593,1763964000,4.024326392169181,27.222984671243598,231.53366123893815,-0.3514595627784729,269.83770751953125
31.35,56.089718,1763967600,3.050449355835008,27.032008825122073,243.75049967769056,-0.33789166808128357,263.19793701171875
31.65,53.971672,1763971200,2.4678564775464302,26.83758905572331,248.63405243763776,-0.3100360333919525,92.03060913085938
31.1,55.007317,1763974800,1.7397777253497757,23.841526596754758,249.9273065462703,-0.25380784273147583,94.040771484375
29.4,65.259094,1763978400,0.851213484327503,19.43880777065715,250.35104665221473,-0.1386585533618927,97.165283203125
27.2,66.83242,1763982000,0.1629700004100799,17.93642607665492,249.09374572181935,0.04718984663486481,102.71807861328125
26.55,71.16771,1763985600,0.0,18.19349834038467,248.95881134462422,0.21749168634414673,110.710693359375
26.15,74.2231,1763989200,0.0,17.81850585140894,249.01367276977342,0.34146958589553833,118.45944213867188
25.35,78.78854,1763992800,0.0,17.716516807384274,248.3328574605033,0.4149327874183655,125.03311157226562
24.55,83.40155,1763996400,0.0,17.847926841062435,243.11180417954864,0.47201263904571533,129.7430419921875
24.05,84.37383,1764000000,0.0,17.662422959121052,240.05506562849257,0.47617068886756897,131.6357421875
23.65,86.16339,1764003600,0.0,17.185791185365538,176.85796184457752,0.4533729553222656,135.39111328125
23.3,86.394745,1764007200,0.0,16.627848890774338,115.43495203362073,0.4135984182357788,156.63818359375
22.95,87.97164,1764010800,0.0,15.877979766043996,112.47911442297561,0.3672316074371338,244.57797241210938
22.8,86.08086,1764014400,0.0,15.575347254851831,111.29341153425423,0.3103271722793579,255.91641235351562
22.4,85.775665,1764018000,0.0,15.535909199543473,109.95114724794882,0.22462640702724457,259.13983154296875
22.05,85.47479,1764021600,0.0,15.591933709516033,109.72919028730064,0.028146550059318542,261.8852844238281
22.55,81.888756,1764025200,0.0492154617822762,15.646484248322224,109.73477450033795,-0.17576661705970764,264.3359375
24.7,79.42623,1764028800,0.6082333228542904,18.599989024338093,110.21232024642836,-0.27220770716667175,266.4691467285156
27.25,70.21148,1764032400,1.6884137906352514,22.650677850419644,110.87156905639438,-0.31639212369918823,267.586181640625
29.15,59.474377,1764036000,2.712803470344465,26.29902626358956,114.39372822154792,-0.3366438150405884,268.31292724609375
30.25,54.460968,1764039600,3.5323425094331764,27.01958102385017,122.30420628744753,-0.34372183680534363,268.8206481933594
30.8,53.595253,1764043200,4.072734287437547,27.2478922071485,144.07745537677403,-0.3449956178665161,269.22808837890625
31.25,54.371956,1764046800,3.746618082185046,27.17557256450781,197.58391769888877,-0.3436599373817444,269.45977783203125
32.2,52.315765,1764050400,3.635524581526332,27.205597005748068,232.05780955198696,-0.3404718041419983,269.2674865722656
32.35,52.033512,1764054000,3.191913893514336,27.008623332583518,243.31972727330992,-0.33202964067459106,264.56585693359375
32.55,50.51049,1764057600,2.565051769202684,26.837707288330684,248.17491593105706,-0.3136202096939087,92.31759643554688
31.85,52.711533,1764061200,1.7691445358164135,24.832769094153498,249.60667680073763,-0.27784913778305054,94.44677734375
29.95,62.268238,1764064800,0.8896126910825783,20.10872711732884,249.8859701444557,-0.2113487720489502,97.69512939453125
27.45,70.89594,1764068400,0.1591,17.93642607665492,248.81102074933068,-0.08996251225471497,103.54229736328125
26.8,74.10405,1764072000,0.0,18.19349834038467,248.64468287871682,0.07498836517333984,111.24264526367188
26.4,75.63982,1764075600,0.0,17.81850585140894,248.80826902340422,0.23286256194114685,118.66815185546875
25.85,77.6638,1764079200,0.0,17.716516807384274,247.4556360260289,0.3690861463546753,125.10009765625
25.25,80.4806,1764082800,0.0,17.847926841062435,247.1774493279449,0.46657595038414,129.75714111328125
24.55,83.91322,1764086400,0.0,17.662422959121052,239.47670276675947,0.5289439558982849,131.79693603515625
23.85,87.511375,1764090000,0.0,17.185791185365538,178.82581044186668,0.5472978949546814,135.7972412109375
23.65,88.571075,1764093600,0.0,16.627848890774338,115.88495564421868,0.5392813682556152,157.609130859375
23.45,89.09857,1764097200,0.0,15.877979766043996,112.8617531307089,0.5285230875015259,243.97923278808594
22.8,92.10462,1764100800,0.0,15.575347254851831,111.1193636097463,0.49103236198425293,255.6637725830078
22.4,93.218925,1764104400,0.0,15.535909199543473,110.26137400361546,0.37275615334510803,258.9566955566406
22.1,93.490906,1764108000,0.0,15.591933709516033,110.07680814625132,0.08426076918840408,261.71026611328125
22.45,90.40211,1764111600,0.0515818198148074,15.646484248322224,110.11853938245662,-0.17301765084266663,264.1783447265625
24.45,81.36943,1764115200,0.6456795801788129,18.66501608209425,110.33296634184762,-0.2774338722229004,266.3612060546875
27.0,75.73441,1764118800,1.6528083241334557,22.424237835392724,111.13517767329029,-0.32089269161224365,267.4638977050781
28.95,67.38785,1764122400,2.6305802800844544,26.27874642695042,114.4255664523406,-0.3409804403781891,268.18170166015625
30.5,59.058117,1764126000,3.4192004003603165,27.01958102385017,122.98763631735483,-0.3492978811264038,268.6375732421875
31.4,54.075733,1764129600,3.8951182439222096,27.23050454165297,145.71856875809482,-0.3521254360675812,269.0321044921875
31.8,52.53726,1764133200,3.77850687438218,27.17557256450781,197.96361696302432,-0.35224100947380066,269.259521484375
31.55,54.44577,1764136800,3.5504099567573237,26.8962134037959,231.2906833268313,-0.3508772850036621,269.1308288574219
30.8,58.053585,1764140400,2.556442134810446,26.05326224846545,242.7240116153593,-0.3465249538421631,260.0569152832031
31.15,57.254875,1764144000,2.6297678050890916,26.837707288330684,247.28510346804654,-0.3353731632232666,92.435546875
30.35,59.56773,1764147600,1.5223490076286144,22.76828869292901,249.5081873634499,-0.3152962923049927,94.63760375976562
28.6,70.46084,1764151200,0.639313186920415,18.917860618813556,250.25205428455038,-0.2824651002883911,97.98187255859375
27.45,73.3145,1764154800,0.12556000020504,17.930348860408248,248.57080380483404,-0.25023335218429565,104.05035400390625
27.25,73.953224,1764158400,0.0,18.19349834038467,248.52973331950722,-0.2119322419166565,111.78289794921875
26.65,76.84076,1764162000,0.0,17.81850585140894,248.52252312677163,-0.15724465250968933,119.19189453125
26.05,78.168816,1764165600,0.0,17.716516807384274,247.987354278456,-0.0914955735206604,125.52557373046875
25.65,79.3139,1764169200,0.0,17.847926841062435,246.33162254581555,-0.005546361207962036,130.1171875
25.2,80.96759,1764172800,0.0,17.662422959121052,243.3632530208286,0.07054831087589264,131.9122314453125
24.55,84.94486,1764176400,0.0,17.185791185365538,176.4650627735415,0.15299268066883087,136.01727294921875
24.6,84.95003,1764180000,0.0,16.627848890774338,116.09156512210018,0.20297476649284363,158.327880859375
24.15,88.61143,1764183600,0.0,15.877979766043996,113.0976477483951,0.25683557987213135,243.7769317626953
23.95,88.865906,1764187200,0.0,15.575347254851831,111.86330153118297,0.2669617533683777,255.42083740234375
23.85,88.04789,1764190800,0.0,15.535909199543473,110.44926814042947,0.19156719744205475,258.72509765625
23.9,87.2487,1764194400,0.0,15.591933709516033,110.01899025599789,0.016623809933662415,261.48126220703125
24.25,84.91354,1764198000,0.0300588952019764,15.646484248322224,110.09685297582246,-0.16553917527198792,263.96246337890625
25.75,82.02972,1764201600,0.2269059946151591,15.347094676842014,110.26665869990927,-0.26679205894470215,266.0819091796875
27.55,71.56644,1764205200,1.4309488186040955,22.28626277492498,111.11670941732984,-0.3117581605911255,267.30914306640625
29.0,67.397766,1764208800,1.9684902622853937,25.290079804945673,113.80383069506865,-0.3319510817527771,267.9905090332031
30.5,60.703342,1764212400,3.0832862346764207,26.939362277406666,122.70216567781392,-0.3401584327220917,268.4844970703125
31.55,57.00105,1764216000,3.524633192970614,26.921120939700806,144.64860355357797,-0.3422393798828125,268.922119140625
32.2,53.613472,1764219600,3.333351214005415,26.851868405413388,198.06570007506292,-0.34157463908195496,269.2502746582031
31.05,59.005043,1764223200,3.536262938307887,26.8962134037959,230.1100970658531,-0.3379218280315399,269.243408203125
31.85,54.686455,1764226800,2.718844016441986,26.073542085104588,243.57274411641095,-0.3247106075286865,153.2421875
32.6,50.368286,1764230400,2.704515305119972,26.85798712496982,247.75555301881275,-0.3016740679740906,92.38336181640625
32.2,50.576397,1764234000,1.993692213918261,26.60810620231995,249.06170574531973,-0.25954747200012207,94.5411376953125
30.1,64.03007,1764237600,0.8964584159408778,20.10872711732884,249.74499141771582,-0.17143550515174866,97.83975219726562
28.1,80.84938,1764241200,0.1539400008201599,17.93642607665492,248.58319121035566,-0.033160820603370667,103.85952758789062
27.0,79.01941,1764244800,0.0,18.19349834038467,248.31429401983905,0.023262888193130493,111.58831787109375
26.0,81.81152,1764248400,0.0,17.81850585140894,247.8606815998849,0.0741426944732666,119.029052734375
25.55,83.51476,1764252000,0.0,17.716516807384274,246.37210160037765,0.1174178272485733,125.427490234375
25.35,84.256935,1764255600,0.0,17.847926841062435,246.710077989554,0.1334509551525116,130.09649658203125
24.8,83.429955,1764259200,0.0,17.662422959121052,238.88273392347713,0.16457858681678772,131.97772216796875
