current,timestamp,humidity,temperature
,1763432065,0.0,0.7
,1763432665,61.0,31.9
,1763433584,62.0,31.1
,1763434184,57.0,32.6
,1763434784,58.0,32.3
,1763435384,56.0,33.7
,1763435984,58.0,32.9
,1763436584,65.0,31.8
,1763437184,60.0,32.9
,1763438384,58.0,32.8
,1763439584,55.0,33.2
,1763440184,66.0,31.7
,1763440784,92.0,28.2
,1763441384,99.0,28.2
,1763441984,99.0,29.8
,1763442584,99.0,29.9
,1763443184,97.0,29.1
,1763443784,95.0,29.8
,1763444983,95.0,30.7
,1763456983,98.0,30.8
,1763457583,89.0,29.2
,1763458783,89.0,28.8
,1763459383,92.0,28.5
,1763459983,93.0,28.1
,1763460583,93.0,28.5
,1763461183,93.0,28.7
,1763463583,93.0,28.5
,1763464183,93.0,28.1
,1763464783,92.0,28.5
,1763465383,93.0,27.4
,1763465983,93.0,27.4
,1763466583,93.0,27.0
,1763467183,93.0,27.1
,1763467783,92.0,27.9
,1763468383,92.0,27.7
,1763468983,91.0,27.6
,1763469583,84.0,27.0
,1763470183,77.0,27.3
,1763470783,71.0,27.9
,1763471383,50.0,27.1
,1763471983,41.0,27.1
,1763472583,34.0,27.8
,1763473183,31.0,27.2
,1763473783,31.0,27.4
,1763474383,30.0,27.6
,1763474983,30.0,27.9
,1763475583,29.0,27.7
,1763476183,29.0,27.5
,1763477383,28.0,27.5
,1763477983,28.0,27.7
,1763478583,27.0,27.4
,1763479183,27.0,27.7
,1763479783,27.0,27.2
,1763480383,26.0,27.0
,1763480983,26.0,27.1
,1763481583,26.0,27.0
,1763482183,27.0,27.4
,1763482783,26.0,27.1
,1763483383,25.0,27.7
,1763483983,25.0,27.9
,1763484583,24.0,27.2
,1763485183,24.0,27.3
,1763485783,24.0,27.1
,1763486383,23.0,27.9
,1763486983,23.0,27.3
,1763487583,23.0,27.1
,1763488183,23.0,27.6
,1763488783,23.0,27.1
,1763489383,23.0,27.9
,1763489983,23.0,27.0
,1763490583,23.0,27.8
,1763491183,23.0,27.6
,1763491783,23.0,27.5
,1763492383,23.0,27.0
,1763492983,23.0,27.7
,1763493583,23.0,27.9
,1763494183,23.0,27.4
,1763494783,23.0,27.3
,1763495383,23.0,27.8
,1763497183,22.0,27.7
,1763497783,22.0,27.3
,1763499583,22.0,27.1
,1763500183,22.0,27.6
,1763500783,22.0,27.0
,1763501383,22.0,27.7
,1763501983,22.0,27.7
,1763502583,22.0,27.3
,1763503183,22.0,27.9
,1763503783,22.0,27.9
,1763504383,22.0,27.9
,1763504983,22.0,27.8
,1763505583,22.0,27.0
,1763506183,22.0,27.3
,1763506783,22.0,27.0
,1763507460,22.0,27.0
,1763508060,41.0,25.6
,1763508660,40.0,25.9
,1763509260,39.0,25.6
,1763509860,33.0,26.2
,1763510460,34.0,26.1
,1763511060,34.0,26.9
,1763511660,33.0,26.3
,1763512260,32.0,27.9
,1763512860,31.0,27.2
,1763513460,30.0,28.4
,1763514060,30.0,28.1
,1763514660,29.0,28.0
,1763515260,26.0,29.6
,1763515860,23.0,31.3
,1763516460,21.0,32.9
,1763517060,19.0,34.8
,1763517660,18.0,35.3
,1763518260,19.0,34.0
,1763518860,15.0,36.9
,1763519460,14.0,36.7
,1763520060,13.0,36.9
,1763520660,14.0,35.3
,1763521260,13.0,35.9
,1763522460,10.0,37.2
,1763523060,8.0,39.1
,1763523660,7.0,39.8
,1763524260,6.0,39.8
,1763524860,6.0,38.7
,1763525460,6.0,38.2
,1763526060,6.0,38.0
,1763527260,6.0,36.2
,1763527860,6.0,37.8
,1763528460,6.0,37.1
,1763529060,7.0,36.9
,1763529660,6.0,37.1
,1763530260,6.0,37.4
,1763530860,6.0,37.4
,1763531460,6.0,37.3
,1763532060,6.0,35.6
,1763532660,6.0,36.4
,1763533260,6.0,36.8
,1763533860,7.0,33.4
,1763534460,87.0,34.3
,1763535060,87.0,36.8
,1763535660,88.0,36.8
,1763538071,6.0,36.4
,1763538671,6.0,36.0
,1763539271,6.0,36.3
,1763539871,6.0,35.3
,1763540471,6.0,35.4
,1763542271,6.0,35.0
,1763542871,7.0,35.1
,1763543471,7.0,35.5
,1763544071,7.0,34.8
,1763544671,7.0,34.9
,1763545271,7.0,34.2
,1763545871,7.0,34.5
,1763547071,7.0,34.0
,1763548271,7.0,33.5
,1763548871,7.0,33.1
,1763550071,7.0,32.6
,1763550671,7.0,32.2
,1763551271,7.0,32.7
,1763551871,7.0,32.3
,1763552471,7.0,32.2
,1763553071,7.0,31.1
,1763553671,8.0,31.7
,1763554271,8.0,31.7
,1763554871,8.0,31.4
,1763555471,8.0,31.4
,1763556671,8.0,31.6
,1763557271,8.0,30.9
,1763557871,8.0,30.2
,1763558471,8.0,30.1
,1763559071,9.0,30.3
,1763559671,9.0,30.3
,1763560271,9.0,30.1
,1763560871,9.0,30.7
,1763561471,9.0,30.7
,1763562671,9.0,29.2
,1763563271,9.0,29.4
,1763563871,9.0,29.9
,1763860281,10.0,30.6
,1763862681,10.0,30.7
,1763863881,9.0,31.4
,1763865081,7.0,32.8
,1763865681,7.0,32.2
,1763866281,7.0,33.2
,1763867481,7.0,33.0
,1763868081,7.0,33.4
,1763869281,7.0,33.5
,1763870481,7.0,32.9
,1763873481,6.0,33.6
,1763874628,0.0,0.2
,1763876428,86.0,27.1
,1763877028,86.0,27.4
,1763877628,86.0,28.9
,1763878228,87.0,27.9
,1763878828,87.0,28.2
,1763879428,87.0,28.1
,1763880028,89.0,28.7
,1763880628,91.0,27.5
,1763881228,90.0,28.0
,1763881828,89.0,29.8
,1763882428,89.0,28.7
,1763883628,88.0,29.9
,1763884228,88.0,30.4
,1763884828,88.0,33.1
,1763885428,87.0,34.7
,1763886028,86.0,32.4
,1763886628,86.0,31.9
,1763887228,87.0,30.6
,1763887828,87.0,30.4
,1763888428,87.0,30.9
,1763891325,88.0,29.9
,1763893125,7.0,28.1
,1763893725,7.0,28.1
,1763895728,6.0,28.8
,1763944065,0.0,0.2
,1763944665,6.0,28.0
,1763945265,6.0,30.5
,1763945865,6.0,30.7
,1763946465,6.0,31.4
,1763947065,5.0,32.9
,1763947665,5.0,33.1
,1763948265,5.0,34.1
,1763948865,5.0,35.1
,1763949465,5.0,35.8
,1763950065,5.0,35.5
,1763950665,5.0,38.0
,1763951265,5.0,40.7
,1763951865,4.0,40.0
,1763952465,4.0,40.8
,1763953065,5.0,40.0
,1763953665,5.0,40.6
,1763954265,5.0,40.8
,1763954865,4.0,40.3
,1763955465,5.0,40.5
,1763956065,4.0,40.9
,1763956665,5.0,40.9
,1763957265,5.0,40.0
,1763957865,4.0,40.6
,1763958465,4.0,40.4
,1763959065,5.0,40.0
,1763960265,5.0,40.7
,1763960865,5.0,40.9
,1763961465,4.0,40.0
,1763962065,4.0,40.1
,1763962665,5.0,40.8
,1763963265,5.0,40.4
,1763963865,4.0,40.9
,1763964465,5.0,40.5
,1763965065,4.0,39.5
,1763965665,5.0,39.6
,1763966265,5.0,38.9
,1763966865,5.0,39.2
,1763967465,4.0,39.7
,1763968065,5.0,39.2
,1763968665,4.0,39.0
,1763969265,5.0,39.9
,1763969865,4.0,39.5
,1763970465,5.0,38.7
,1763971065,5.0,39.3
,1763971665,5.0,39.1
,1763972265,5.0,38.8
,1763972865,5.0,37.4
,1763973465,5.0,36.4
,1763974065,5.0,38.0
,1763974665,5.0,36.7
,1763975265,5.0,36.6
,1763975865,5.0,36.0
,1763977065,5.0,35.0
,1763977665,5.0,35.1
,1763978265,5.0,35.4
,1763978865,5.0,35.6
,1763980986,0.0,0.5
,1763981586,5.0,30.5
,1763982186,5.0,30.4
,1763982786,5.0,30.6
,1763983386,5.0,30.9
,1763983986,5.0,29.5
,1763984586,5.0,29.2
,1763985186,5.0,29.1
,1763985786,6.0,29.7
,1763986386,6.0,29.3
,1763986986,5.0,29.7
,1763987586,5.0,29.3
,1763988186,5.0,29.5
,1763988786,6.0,29.1
,1763989386,5.0,29.2
,1763989986,6.0,28.6
,1763990586,6.0,28.7
,1763991186,6.0,28.2
,1763991786,6.0,28.0
,1763992386,6.0,28.4
,1763992986,6.0,28.5
,1763993586,6.0,28.8
,1763994186,6.0,28.2
,1763994786,6.0,28.0
,1763995386,6.0,28.0
,1763995986,5.0,28.2
,1763997186,6.0,28.7
,1763997786,6.0,27.9
,1763998386,6.0,27.8
,1763998986,6.0,27.6
,1763999586,6.0,27.5
,1764000186,6.0,27.6
,1764000786,6.0,27.8
,1764001386,6.0,27.1
,1764001986,6.0,27.2
,1764002586,6.0,27.8
,1764003186,6.0,27.3
,1764003786,6.0,26.8
,1764004386,6.0,26.8
,1764004986,6.0,26.6
,1764005586,6.0,26.6
,1764006186,6.0,26.6
,1764006786,6.0,26.8
,1764007386,6.0,26.8
,1764007986,6.0,26.1
,1764008586,6.0,26.6
,1764009186,6.0,26.6
,1764009786,6.0,26.9
,1764010386,6.0,26.9
,1764010986,6.0,26.0
,1764011586,6.0,26.8
,1764012186,6.0,26.5
,1764012786,6.0,26.4
,1764013386,6.0,26.8
,1764013986,6.0,26.8
,1764014586,6.0,26.5
,1764015186,6.0,26.6
,1764015786,6.0,25.4
,1764016386,6.0,25.0
,1764016986,6.0,25.0
,1764017586,6.0,25.1
,1764018186,6.0,25.2
,1764018786,6.0,25.8
,1764019386,6.0,25.7
,1764019986,6.0,25.1
,1764020586,6.0,25.2
,1764021186,6.0,25.2
,1764021786,6.0,25.3
,1764022386,6.0,25.8
,1764022986,6.0,25.7
,1764023586,6.0,25.5
,1764024186,6.0,25.2
,1764024786,6.0,25.4
,1764025386,6.0,25.1
,1764025986,6.0,25.4
,1764026586,6.0,25.7
,1764027186,6.0,26.9
,1764027786,6.0,26.4
,1764028386,6.0,26.7
,1764028986,6.0,26.3
,1764029586,6.0,26.1
,1764030186,6.0,27.2
,1764030786,6.0,27.8
,1764031386,6.0,27.0
,1764031986,6.0,27.4
,1764032586,6.0,27.9
,1764033186,6.0,27.2
,1764033786,6.0,27.3
,1764034386,6.0,27.4
,1764034986,6.0,27.0
,1764035586,6.0,28.6
,1764036186,6.0,28.7
,1764036786,5.0,28.4
,1764037386,6.0,28.7
,1764037986,5.0,28.6
,1764038586,5.0,29.7
,1764039186,6.0,29.4
,1764039786,6.0,29.8
,1764040386,5.0,29.4
,1764040986,5.0,29.6
,1764041586,5.0,29.7
,1764042186,5.0,29.6
,1764042786,6.0,30.3
,1764043386,5.0,30.7
,1764043986,6.0,30.0
,1764044586,5.0,30.2
,1764045186,5.0,30.1
,1764045785,6.0,30.0
,1764046385,5.0,31.5
,1764046985,5.0,32.3
,1764047585,5.0,31.7
,1764048185,5.0,32.8
,1764048785,5.0,40.1
,1764049385,5.0,40.5
,1764049985,5.0,38.8
,1764050585,5.0,35.8
,1764051185,5.0,35.4
,1764051785,5.0,34.3
,1764052385,5.0,34.6
,1764052985,5.0,34.8
,1764053585,5.0,34.0
,1764054185,5.0,34.7
,1764054785,5.0,34.5
,1764055385,5.0,34.8
,1764055985,5.0,34.1
,1764056585,5.0,34.6
,1764057185,5.0,33.9
,1764057785,5.0,34.5
,1764058385,5.0,33.4
,1764058985,5.0,33.0
,1764059585,5.0,32.6
,1764060185,5.0,33.4
,1764060785,5.0,33.6
,1764061385,5.0,33.7
,1764061985,5.0,33.2
,1764062585,5.0,32.6
,1764063185,5.0,32.3
,1764063785,5.0,32.8
,1764064385,5.0,31.8
,1764064985,5.0,31.2
,1764065585,5.0,31.1
,1764066185,5.0,31.1
,1764066785,6.0,30.4
,1764067385,5.0,30.0
,1764067985,5.0,30.4
,1764068585,5.0,30.5
,1764069185,5.0,30.2
,1764069785,5.0,30.1
,1764070385,5.0,29.9
,1764070985,5.0,29.6
,1764071585,5.0,29.7
,1764072185,6.0,29.6
,1764072785,6.0,29.3
,1764073385,6.0,30.3
,1764073985,6.0,29.0
,1764074585,6.0,29.7
-19.34,1764075093,,
-19.48,1764075095,,
-19.48,1764075100,,
-19.47,1764075105,,
-19.48,1764075110,,
-19.48,1764075115,,
-19.48,1764075120,,
-19.48,1764075125,,
-19.47,1764075130,,
-19.48,1764075135,,
,1764075185,5.0,29.3
,1764075785,5.0,29.6
,1764076385,6.0,29.7
,1764076985,6.0,29.8
,1764077585,6.0,29.5
,1764078185,6.0,29.5
,1764078785,6.0,29.5
,1764079385,5.0,29.8
,1764079985,6.0,29.0
,1764080585,6.0,29.8
,1764081185,5.0,28.4
-19.47,1764081567,,
-19.48,1764081587,,
-19.48,1764081592,,
-19.48,1764081597,,
-19.48,1764081602,,
-19.48,1764081607,,
-19.47,1764081612,,
-19.48,1764081617,,
-19.47,1764081622,,
-19.48,1764081627,,
-19.48,1764081632,,
-19.46,1764081637,,
-19.43,1764081642,,
-19.48,1764081647,,
-19.48,1764081652,,
-19.46,1764081657,,
-19.46,1764081662,,
-19.48,1764081667,,
-19.48,1764081672,,
-19.46,1764081677,,
,1764081785,6.0,28.6
,1764082385,6.0,28.4
,1764082985,6.0,28.5
,1764083585,6.0,28.2
,1764084185,6.0,28.1
,1764084785,6.0,28.2
,1764085385,6.0,28.9
,1764085985,6.0,27.3
,1764086585,6.0,28.6
,1764087185,6.0,28.6
,1764087785,6.0,28.6
,1764088385,6.0,28.3
,1764088985,6.0,27.0
,1764089585,6.0,27.0
,1764090185,6.0,28.8
,1764090785,6.0,28.7
,1764091385,6.0,27.2
,1764091985,6.0,27.2
,1764092585,6.0,27.1
,1764093185,6.0,27.4
,1764093785,6.0,27.7
,1764094385,6.0,27.4
,1764094985,6.0,27.4
,1764095585,6.0,27.4
,1764096185,6.0,27.4
,1764096785,6.0,27.2
,1764097385,6.0,27.5
,1764097985,6.0,27.9
,1764098585,6.0,27.3
,1764099185,6.0,27.6
,1764099785,6.0,27.7
,1764100385,6.0,27.5
,1764100985,6.0,27.3
,1764101585,6.0,27.4
,1764102185,6.0,27.2
,1764102785,6.0,26.7
,1764103385,6.0,27.5
,1764103985,6.0,26.9
,1764104585,6.0,26.9
,1764105185,6.0,26.0
,1764105785,6.0,26.8
,1764106385,6.0,26.8
,1764106985,6.0,26.1
,1764107585,6.0,26.7
,1764108185,6.0,26.4
,1764108785,6.0,26.1
,1764109385,6.0,26.3
,1764109985,6.0,26.9
,1764110585,6.0,26.7
,1764111185,6.0,26.5
,1764111785,6.0,26.4
,1764112385,6.0,26.5
,1764112985,6.0,26.3
,1764113585,6.0,26.5
,1764114185,6.0,27.2
,1764114785,6.0,27.8
,1764115385,6.0,27.4
,1764115985,6.0,27.0
,1764116585,6.0,28.7
,1764117185,6.0,28.0
,1764117785,6.0,28.6
,1764118385,6.0,28.6
,1764118985,6.0,28.8
,1764119585,6.0,28.2
,1764120185,6.0,29.0
,1764120785,6.0,29.7
,1764121385,6.0,29.1
,1764121985,6.0,29.2
,1764122585,6.0,29.3
,1764123185,5.0,29.3
,1764123785,6.0,29.6
,1764124385,5.0,30.5
,1764124985,5.0,30.4
,1764125585,6.0,30.5
,1764126185,5.0,30.8
,1764126785,5.0,31.8
,1764127385,5.0,30.9
,1764127985,5.0,31.3
,1764128585,5.0,31.9
,1764129185,5.0,31.9
,1764129785,5.0,32.0
,1764130385,5.0,32.5
,1764130985,5.0,32.6
,1764131585,5.0,32.7
,1764132185,5.0,32.7
,1764132785,5.0,32.1
,1764133385,5.0,32.5
,1764133985,5.0,32.3
,1764134585,5.0,32.7
,1764135185,5.0,32.7
,1764135785,5.0,31.6
,1764136385,5.0,31.0
,1764136985,5.0,30.8
,1764137585,5.0,30.8
,1764138185,5.0,31.8
,1764138785,5.0,31.9
,1764139385,5.0,31.5
,1764139985,5.0,31.2
,1764140585,5.0,32.7
,1764141185,5.0,33.7
,1764141785,5.0,33.6
,1764142385,5.0,33.6
,1764142984,5.0,32.7
,1764143584,5.0,31.4
,1764144184,5.0,31.3
,1764144784,5.0,31.1
,1764145384,5.0,32.2
,1764145984,5.0,31.7
,1764146584,5.0,31.8
,1764147184,5.0,31.1
,1764147784,5.0,31.5
,1764148384,5.0,31.9
,1764148984,6.0,31.7
,1764149584,6.0,31.3
,1764150184,5.0,31.7
,1764150784,5.0,31.4
,1764151384,5.0,31.3
,1764151984,5.0,31.0
,1764152584,6.0,30.8
,1764153184,6.0,30.7
,1764153784,6.0,30.5
,1764154384,6.0,30.6
,1764154984,5.0,30.8
,1764155584,5.0,30.2
,1764156184,5.0,30.9
,1764156784,5.0,30.7
,1764157384,6.0,29.5
,1764157984,5.0,29.7
,1764158584,6.0,29.3
,1764159184,6.0,29.6
,1764159784,6.0,29.9
,1764160384,6.0,29.1
,1764160984,5.0,29.0
,1764161584,6.0,29.6
,1764162184,6.0,29.1
,1764162784,6.0,29.7
,1764163384,6.0,29.2
,1764163984,6.0,29.3
,1764164584,6.0,29.8
,1764165184,6.0,29.1
,1764165784,6.0,29.9
,1764166384,6.0,28.2
,1764167584,6.0,28.7
,1764168184,6.0,28.5
,1764168784,6.0,28.1
,1764169984,6.0,28.0
,1764170584,6.0,28.6
,1764172384,6.0,28.9
,1764172984,6.0,28.3
,1764174184,6.0,28.7
,1764174784,6.0,28.5
,1764175384,6.0,28.1
,1764176584,6.0,28.2
,1764177184,6.0,27.9
,1764177784,6.0,28.6
,1764178384,6.0,28.5
,1764178984,6.0,27.7
,1764180184,6.0,27.6
,1764180784,6.0,27.0
,1764181384,6.0,27.5
,1764181984,6.0,27.3
,1764182584,6.0,27.5
,1764184384,6.0,27.9
,1764184984,6.0,27.4
,1764185584,6.0,27.4
,1764186184,6.0,27.9
,1764186784,6.0,27.7
,1764187384,6.0,27.8
,1764187984,6.0,27.0
,1764188584,6.0,27.7
,1764189184,6.0,27.7
,1764189784,6.0,27.1
,1764190384,6.0,27.4
,1764190984,6.0,27.1
,1764191584,7.0,27.7
,1764192184,6.0,27.4
,1764192784,6.0,26.6
,1764193384,6.0,27.1
,1764193984,6.0,26.9
,1764195184,6.0,26.4
,1764196984,6.0,26.3
,1764199384,6.0,27.8
,1764201784,6.0,27.9
,1764202384,6.0,28.3
,1764202984,6.0,28.7
,1764203584,6.0,28.4
,1764204184,6.0,28.7
,1764204784,6.0,29.3
,1764205384,6.0,29.1
,1764205984,6.0,29.9
,1764206584,6.0,29.5
,1764207184,6.0,29.3
,1764207784,6.0,29.7
,1764208384,6.0,29.4
,1764208984,6.0,30.7
,1764209584,6.0,30.4
,1764210184,6.0,30.9
,1764210784,6.0,30.5
,1764211384,6.0,31.7
,1764211984,5.0,31.4
,1764212584,6.0,31.4
,1764213184,6.0,31.7
,1764213784,5.0,32.8
,1764214384,5.0,32.6
,1764214984,5.0,32.6
,1764215584,5.0,32.2
,1764216184,5.0,32.8
,1764216784,5.0,32.8
,1764217384,5.0,33.7
,1764217984,5.0,33.2
,1764218584,5.0,34.1
,1764219184,5.0,34.6
,1764219784,5.0,34.6
,1764220384,5.0,34.1
,1764220984,5.0,34.6
,1764221584,5.0,35.3
,1764222184,5.0,34.1
,1764222784,5.0,35.2
,1764223984,5.0,35.0
,1764224584,5.0,35.1
,1764225184,5.0,35.7
,1764225784,5.0,35.4
,1764226384,5.0,35.4
,1764226984,5.0,35.6
,1764227584,5.0,35.4
,1764228184,5.0,35.0
,1764228784,5.0,35.9
,1764229383,5.0,34.1
,1764229983,5.0,35.2
,1764230583,5.0,35.9
,1764231183,5.0,35.6
,1764231783,5.0,34.9
,1764232383,5.0,34.7
,1764232983,5.0,34.2
,1764233583,5.0,34.9
,1764234183,5.0,34.6
,1764234783,5.0,33.9
,1764235383,5.0,33.5
,1764235983,5.0,33.8
,1764236583,5.0,33.9
,1764237183,5.0,32.6
,1764237783,5.0,32.7
,1764238383,5.0,32.7
,1764238983,5.0,32.7
,1764239583,5.0,32.6
,1764240183,5.0,32.1
,1764240783,5.0,32.9
,1764241383,6.0,31.8
,1764241983,6.0,31.4
,1764242583,5.0,31.7
,1764243183,5.0,31.0
,1764243783,6.0,31.8
,1764244383,6.0,31.1
,1764244983,6.0,31.1
,1764245583,6.0,31.5
,1764246183,6.0,30.0
,1764246783,5.0,30.4
,1764247383,5.0,30.4
,1764247983,5.0,30.5
,1764248583,6.0,30.3
,1764249183,5.0,30.5
,1764249783,6.0,30.2
,1764250383,6.0,30.1
,1764250983,6.0,30.2
,1764251583,5.0,29.3
,1764252183,6.0,29.8
,1764252783,6.0,29.5
,1764253383,6.0,29.9
,1764253983,5.0,29.3
,1764254583,6.0,29.6
,1764255183,5.0,29.3
,1764255783,6.0,29.8
,1764256383,5.0,29.1
,1764256983,5.0,29.3
,1764257583,6.0,29.0
,1764258183,6.0,29.1
,1764258783,5.0,29.0
,1764259504,5.0,29.5
-17.3,1764381927,,
-19.48,1764382527,,
-19.3,1764383127,,
-19.48,1764383727,,
-19.38,1764384327,,
-18.79,1764384927,,
-19.47,1764385527,,
-18.32,1764386127,,
-19.37,1764386727,,
-19.48,1764387327,,
-19.43,1764389127,,
-19.48,1764389727,,
-19.13,1764390327,,
-19.43,1764390927,,
-19.4,1764391527,,
-19.11,1764392127,,
-19.02,1764392726,,
-18.68,1764393326,,
-18.35,1764393926,,
-19.12,1764394526,,
-18.32,1764395126,,
-18.7,1764395726,,
-19.31,1764396326,,
-19.48,1764396926,,
-19.08,1764397526,,
-19.45,1764398126,,
-19.48,1764398726,,
-19.39,1764399326,,
-18.42,1764399926,,
-19.48,1764400526,,
-19.48,1764401126,,
-19.47,1764401726,,
-15.78,1764402326,,
-19.43,1764402926,,
-19.48,1764403526,,
-19.46,1764404126,,
-19.48,1764404726,,
-19.27,1764405326,,
-18.97,1764405926,,
-19.48,1764406526,,
-19.48,1764407126,,
-19.34,1764407726,,
-18.29,1764408326,,
-19.0,1764408926,,
-19.15,1764409526,,
-18.25,1764410126,,
-18.91,1764410726,,
-19.0,1764411326,,
-19.18,1764411926,,
-19.48,1764412526,,
-19.48,1764413126,,
-19.46,1764413726,,
-19.48,1764414326,,
-19.48,1764414926,,
-19.46,1764415526,,
-19.06,1764416126,,
-17.86,1764416726,,
-18.54,1764417326,,
-19.47,1764417926,,
-19.45,1764418526,,
-19.48,1764419126,,
-19.0,1764419726,,
-19.48,1764420326,,
-19.47,1764420926,,
-18.52,1764421526,,
-18.64,1764422126,,
-19.02,1764422726,,
-19.44,1764423326,,
-19.27,1764423926,,
-18.73,1764424526,,
-19.48,1764425125,,
-19.24,1764425725,,
-19.47,1764426325,,
-19.48,1764426925,,
